texto,label,nota
MEU NOVO FILME TRUQUE DE MESTRE 3MEU nome ANDERSON Costa sou atores do filmeMeu personagem homem da carteira de mestre,Positivo,5.0
"Nada de novo, mas ainda consegue ser bom. É um roteiro que agrada e entretém sem esforço. O elenco é espetacular e só perde na falta de novidade mesmo.",Positivo,4.0
"Não tem como não dar certo, é puro entretenimento. Eu não pretendia mesmo mudar a minha vida após assistir. A gente nem percebe o tempo passar.",Positivo,4.0
"Um filme incrível! Eu não sou muito fã dessa jogada de Hollywood em trazer filmes bons de volta para estragar eles, que foi o caso de ""Uma sexta feira muito louca"" -na minha humilde opinião-
Esse filme porém faz a junção do velho e do novo de uma forma flúida e gostosa de se assistir. É instigante assistir os velhos truques e descobrir os novos, e o plot triste foi sem dúvidas de tirar o fôlego. Todos os personagens tiveram seus ...Leia Mais",Positivo,4.5
Filme muito divertido até para os pais! Também fala sobre temas atuais como a polinização e os perigos das redes sociais.,Positivo,5.0
"A família toda saiu dando boas risadas. Minhas filhas não param de cantar as musicas, foi uma experiência boa com a família.",Positivo,5.0
O filme é ruim gráficos piores ainda eu não recomendo assistir prefiro Wicked esse filme é muito ruim,Negativo,0.5
"O Som ao Redor é uma alma cinematográfica de como o acumulo de pequenas coisas e tensões do cotidiano podem nos presentear com um extraordinário filme. O novato  e talentoso diretor  Kleber Mendonça Filho, faz do longa uma obra incomum: uma linguagem experimental com momentos de um jugo sonoro imagético que lembra David Lynch, um dos filmes mais interessantes dos últimos tempos no cinema nacional.Tudo aqui é de uma sensibilidade ...Leia Mais",Positivo,5.0
"Um argumento simples com muitas possibilidades de abordagem. Essa é a base da trama de Kleber Mendonça Filho. E é isso mesmo que ele faz: cria diversos contextos e diversos personagens, trabalhando suas realidades e explorando as relações entre eles e as tão conhecidas diferenças sociais, tão visíveis em nosso país. Com uma trama baseada no cotidiano, em acontecimentos pequenos e desimportantes, e em coisinhas do dia-a-dia, ele retrata ...Leia Mais",Positivo,4.0
"Com um dos roteiros mais realistas e coerentes da história do cinema, ""O Som Ao Redor"" é um daqueles raros filmes aparentemente simples, mas com tantas subjetividades que impressiona. Retratando as contradições, realidades da classe média brasileira atual (fazendo claras assimilações com o passado brasileiro) o filme constrói um grande olhar sobre a sociedade; sem julgamentos, apenas observa, aponta as contradições e mostrando toda a ...Leia Mais",Positivo,4.5
"Engraçado como no início do filme eu tava bem incomodado com algo que eu nem sabia o que era. Sei lá. Talvez falta de identificação com aqueles personagens, talvez o sotaque... Mas o filme vai crescendo de forma absurda, tal que quando terminou eu só consegui pensar em ""obra-prima, obra-prima, obra-prima"".
Tem umas coisas que me incomodam na história (a forma como o término do relacionamento do protagonista com Sofia nos é apresentada, ...Leia Mais",Positivo,4.5
"Se comparado ao capítulo anterior, a Obra-prima O Prisioneiro de Azkaban, Cálice de Fogo pode até parecer uma decepção, mas o filme tem personalidade suficiente para se afirmar e garantir o lugar entre os melhores de toda saga do jovem bruxo. Cálice de Fogo é uma aventura infanto-juvenil bem satisfatória que mantém o padrão geral de qualidade da já clássica franquia.",Positivo,4.0
"Eu nao vou sair criticando todos os filmes do Harry Potter, entao comecei por esse. Bem... Eu detestava sem mesmo ter visto um, mas um dia deu vontade de assistir, nao sei por que, vicei, vi ooutro e outro entao cresceu e floresceu o amor por Harry Potter, dentro de mim. Amo, e saio recomendando e dando na cara de quem fala mal, sou Potterhead, declarado e adoro todos os filmes, estou pretendendo comprar o kit de filme e livros, é uma saga ...Leia Mais",Positivo,5.0
-Veio pra arrebentar mas uma vez..isso é só o que podemos falar sobre essa grande série.Emma Watson cada vez mas perfeita no que faz.,Positivo,4.0
"É aquele filme pipocão de aventura, tanto quem leu o livro como quem não leu vão gostar do que vão ver aqui, óbvio que muita coisa foi cortada, mas o filme flui muito bem. O roteiro é muito bom e as atuações são bem convincentes. Muito bom.",Positivo,4.0
"Quando O Telefone Preto estreou em 2022, passou quase despercebido em meio à retomada do cinema pós-pandemia. Mesmo sem grande campanha de divulgação, o longa de Scott Derrickson conquistou público e crítica ao entregar uma história de terror contida, de atmosfera sufocante e com uma força dramática que o diferenciava dos sustos fáceis do gênero. Agora, três anos depois, O Telefone Preto 2 chega expandindo esse universo sombrio — e, ...Leia Mais",Positivo,3.5
"Não se trata de uma série de continuações infinita, mas da conclusão da estória. Após todo e estresse pós traumático, os irmãos e o pai tentam continuar suas vidas em meio a pesadelos terríveis. Sensacional. Roteiro, direção, atores, cenas, enfim, perfeito. Os adolescentes Mason e Madeleine como irmãos apresentam química e interpretações individuais perfeitas. O espírito do sequestrador aterrorisa as pessoas envolvidas em estilo ...Leia Mais",Positivo,5.0
"Com clara inspiração em freddy krueger. Telefone preto 2 não tem a mesma tensão do primeiro, mas mantem a mesma violencia e gore",Positivo,3.5
Boa continuação com foco mais no sobrenatural.Lembra muito a Hora do Pesadelo. Filme coerente do começo ao fim.,Positivo,3.5
Ótima experiência na versão legendada e 2D. Atores funcionam e a adaptação para filme foi muito bem elaborada. Empoderamento das mulheres e protagonismo da raça negra. Atriz que interpreta Ariel canta e encanta. Não perca!,Positivo,4.5
"A Pequena Sereia é a adaptação do clássico para o Live Action, como roteiro principal uma jovem sereia faz um acordo com uma bruxa do mar para trocar sua bela voz por pernas humanas para que possa descobrir o mundo acima da água e impressionar um príncipe. A magnífica atuação de Halle Bailey (Ariel) e de Melissa McCarthy (Úrsula) a trilha sonora acompanhou a animação mais com um toque de novidade, Rob Marshall e sua equipe fizeram um filme bom.",Positivo,3.5
"Filme MUITO bem feito, atriz perfeita tanto atuando quanto cantando. Um uso criativo e inteligente da fauna marinha principalmente nos contextos musicais. Filme divertido e gostoso de assistir para toda família.Para quem é fã a nostalgia é certa, mt bom rever momentos marcantes da infância.Só não gostei de algumas cenas em que a imagem ficou muito escura e da música do Eric que não tem no primeiro filme.",Positivo,5.0
"Filme lindo, colorido e bastante nostálgico. Eu fui com medo que fosse uma bomba, mas saí do cinema encantada e feliz.A Halle é uma fofa. Ela é perfeita para a Ariel. Amei também o Sebastião, mais do que no desenho até.Enfim, valeu muito a pena e não vejo  hora de assistir dublado para cantar junto.",Positivo,5.0
"O diretor Jafar Panahi, instala duas câmeras dentro de um táxi e começa a dirigir pelas ruas de Teerã. Ele pega passageiros e vai conversando com eles ao longo dos trajetos. São pessoas de classe social média e das mais variadas posições políticas e religiosas. Entre os assuntos, humor e drama se misturam nas discussões sobre costumes, leis, religião e a política nacional. O filme nos mostra quanto a cultura deles é diferente da ...Leia Mais",Negativo,3.0
"O cineasta iraniano usa o interior de um Taxi para apresentar relatos e críticas ao país. A falta de direito das mulheres, a pena de morte e a pobreza do país são alguns dos temas abordados.",Positivo,3.5
"História perfeita, interpretações insperadas, fotografia maravilhosa, enfim...Simplesmente meu filme preferido!",Positivo,5.0
"Simplesmente amo esse filme...Já assisti nem sei quantas vezes, nunca me canso...Totalmente encantada pela parceria Joe Wright, Keira Knightley e Mattew Macfadyen, que se repetiu agora em Anna Karenina...Sou aficcionada pelas obras da Jane Austen e sei como é dificil fazer uma adaptação das obras dela...Mas eu amo como o diretor Joe Wright faz essa leitura sobre Orgulho e Preconceito. Esse é um dos poucos filmes que posso dizer que não ...Leia Mais",Positivo,5.0
"Pride & Prejudice é um dos meus filmes favoritos, sem dúvidas Um belíssimo drama de época, que toca em vários temas ainda muito atuais e apresenta uma inspirada atuação principal de Keira Knightley. Claro, é mais uma das tantas adaptações da obra de maior sucesso de Jane Austen, mas as excelentes atuações do elenco principal e uma sensibilidade moderna do então novato diretor Joe Wright fazem desta peça de época ...Leia Mais",Positivo,5.0
"Filme espetacular. Não é uma nota 5 e sim uma nota 10. Outro fantástico filme que a bela atriz fez e que, infelizmente, ainda n pude ver inteiro é, muito me engane: Não me abandone jamais. Um filme atual e com uma excelente interpretação.",Positivo,5.0
"Pior filme que já assisti na MINHA VIDA! Roteiro pessimo, sem conceito algum. Se pudesse voltar atrás, pouparia tempo e DINHEIRO. Amo o cinema nacional, amo os artistas nacionais, porém esse filme não dá! Não assistam!",Negativo,0.5
"Um leve passatempo, ao estilo Edmilson Filho, mas sem grandes pretensões. Não é o melhor de Halder mas vale como um leve e divertido passatempo.",Negativo,3.0
"Quase saí do cinema no meio do filmeA intenção era fazer o povo rir, mas não se escutava nenhuma risada na sala de cinema.Péssimo! Sem sentido nenhum, efeitos horrorosos, sem nexo nenhum.",Negativo,1.0
"Filme péssimo, angustiante de assitir, vontade apenas de sair da sala, a cinematografia do filme é boa pelo menos, e também o Edmilson salvou essa bomba, atores medíocres, péssimo.",Negativo,1.0
"Filme é bom em termos de animação, o roteiro é meio atrapalhado porque muitas vezes lembra para quem assistiu ""As Duas Torres"", como no meu caso. O pessoal reclama da protagonista e do vilão,  mas a protagonista me lembra a personagem que era filha do Rei em ""As Duas Torres"". Só que aqui ""ela"" é a protagonista e, sobre vilão...Gente, quantos vilões com o mesmo mote vocês já viram antes?!? Eu, uma dúzia pelo menos. Ter o amor ...Leia Mais",Positivo,3.5
"Deu vontade de aplaudir no final, um conto não acabado pelo autor, mas muito bem encaixado com o que condiz a História do senhor dos anéis.",Positivo,4.5
"O filme do início ao fim se consolida como uma obra de arte digna do universo de Lord Of Rings, espero que as animações continuem.",Positivo,5.0
"O filme é simplesmente ótimo! A animação é incrível e transmite bem o universo de Tolkien. A trilha sonora está perfeita, criando a atmosfera certa.

Acredito que o público, em geral, deveria ser menos crítico, pois nada será exatamente como os filmes dos anos 2000. Cada adaptação tem sua própria identidade e interpreta o material de forma única, respeitando sua época e contexto. O importante é capturar a essência do universo de ...Leia Mais",Positivo,5.0
"Os vários pedaços da humanidade.

Em mais uma adaptação, a história do médico que dá vida a uma criatura feita de pedaços mortos, impressiona com a fidelidade ao livro original. Ainda assim, traz novas partes exclusivas para o cinema.
Frankenstein é uma obra atemporal.

Escrito magistralmente pela autora Mary Shelley quando tinha apenas 21 anos, o clássico ganha uma nova vida no cinema sob a direção do experiente e aclamado Guillermo ...Leia Mais",Positivo,5.0
"Suspense,drama, fotografia impecá gatilhos psicoló do melhores filmes dos últimos anos.",Positivo,5.0
"Impecável, o filme me deixou maravilhada do início ao fim, Oscar Isaac como sempre dando um belo show de atuação",Positivo,5.0
"Muito bom filme. Como sempre, Del Toro sendo bem autoral. Fotografia e ambientação com sua assinatura.Oscar Isaac entrega uma ótima atuação Assim como Jacob Elordi e Mia Goth também estão bem.Christoph Waltz OK dessa vez (não entrega algo estupendo, como de costume, mas também não decepciona).Bela adaptação de Frankenstein.",Positivo,4.0
"Um excelente filme, do estilo que eu gosto, com um enredo bem amarrado e sem deixar nenhuma ponta solta. Até agora, pra mim, é o melhor filme do ano. O melhor filme também neste estilo, chamado em inglês de ""CAPER THRILLER FILM"", mas que não teria tradução adequada no português; talvez um ""SUSPENSE CRIMINAL SEM MORTES"" cairia bem. Bom, sem comentar muito, pra não prejudicar ninguem e acabar escapando algum ""spoiler"", vale dar umas dicas, ...Leia Mais",Positivo,5.0
"O filme é uma obra-prima com uma história bem inteligente, envolvente e que não conseguimos decifrar em nenhum momento o final,spoiler:principalmente pela grande reviravolta no final. O filme mistura um pouco de aventura, ação e drama. O elenco é excelente e todos têm ótimas atuações. Recomendo.",Positivo,5.0
"É um ótimo filme, vale o ingresso, cheio de ação, suspense, comedia, efeitos especiais na medida certa e um dialogo bem elaborado e dirigindo,e também com muitos clichês o que não tira o brilhantismo do filme.eu recomendo.",Positivo,5.0
"Um ótimo filme. Além de um grande roteiro, atores qualificados, grandes efeitos especiais e truques. Vale a pena assistir!",Positivo,5.0
"copia de zootopia, infelizmente, o nome super igual, e ainda foi lancado na epoca de halloween, tentando angariar publico!",Negativo,1.0
"Na terra mágica de Pepperland, os Beatles enfrentam os opressivos Blue Meanies com a força da música e do psicodelismo. Muito além do padrão Disney, a animação de Yellow Submarine é uma celebração da pop art e da contracultura dos anos 60, marcada por cores vibrantes e técnicas inovadoras, como rotoscopia e colagem.

O filme combina humor absurdo, referências culturais e jogos de palavras que agradam tanto crianças quanto adultos, ...Leia Mais",Positivo,4.5
"A história por hora parece um pouco confusa, mas é muito bom entrar neste universo que abrange muitas canções marcantes da banda. Por sinal, a trilha sonora já garante o motivo para assistir a este clássico.",Positivo,4.5
"Filme tem trama bem desenvolvida,as cenas de ação são boas e bem elaboradas,Jackie Chan e Pierce Brosnan interpretam personagens interessantes.",Positivo,3.5
"Achei um filmaço, enredo intrigante com um bom desenrolar e uma boa investigação. Não conhecia o lado dramático do ator Jackie Chan, só conhecia o seu lado cômico e de filmes de ação, mas ele mandou muito bem. O elenco como um todo é muito bom. Vale a pena conferir!",Positivo,4.0
"O filme é empolgante do início ao fim, e conta com uma ótima atuação de Jackie Chan, que mostrou que realmente é um grande ator.",Positivo,4.0
"O Estrangeiro é um filme ótimo e dinâmico em uma estória atual e envolvente com ação e tensão na medida certa em meio a uma boa estoria. Pierce Brosnan faz um papel de um político irlandês que deixou a vida de terrorista para trás e Jackie Chan é um cidadão comum que na loucura do terrorismo irlandês, perde sua única filha em um atentado e busca justiça.

Não  concordo com a ""crítica"" do 'Adoro Cinema', pois, o roteiro é muito ...Leia Mais",Positivo,4.5
"O enredo não poderia ser mais coerente com a nossa atual realidade e vindo do cinema nacional, surpreende positivamente. No entanto, falta profundidade na trama e clareza no desfecho. Nos momentos finais, tudo se desdobra de forma superficial e rápida, deixando a desejar na direção. O importante é que a crítica social foi feita com sucesso.",Negativo,3.0
"Péssimo, fui assistir um filme que retratava sobre casos reais e acabei vendo uma aula de biologia explícita. Eu e minhas amigas saímos traumatizadas daquela sala de cinema por causa de falta de qualidade em atuação, roteiro, música,efeitos visuais e pelos efeitos de câmeras. Foi o pior filme que tinha tudo pra dar certo mas jogou tudo no lixo, espero sinceramente que o roteirista se demita para evitar causar doenças mentais aos ...Leia Mais",Negativo,0.5
"Eu assisti esse filme hoje 29/10 #salverosa e me desculpe... Eu esperava uma outra proposta que no filme não foi devidamente abordada que é a exploração de crianças para produzir conteúdo digital. Esperava mais que abordassem esse assunto tão importante para os dias de hoje. Não tem nada a ver com o elenco isso que estou dizendo, porque eles recebem o roteiro e trabalham conforme o que está escrito. Um filme entediante. Elenco nota 10 ...Leia Mais",Negativo,0.5
"Ótimo filme, personagens complexos e elenco impecável, principalmente klara castanho que faz uma atuação digna de premios",Positivo,5.0
"A cosmologia yanomami do livro é praticamente impossível de traduzir em 2h de filme. Contudo, o uso cuidadoso da imagem e som proporciona uma experiência possante. Filme essencial, traz todo o contexto do livro e as ideias fluem com força e adesão. Quando os yanomamis morrerem, o mundo morrerá.",Positivo,5.0
"Excelente roteiro misturando comédia, investigação e sobrenatural. Saiu da ""zona de conforto"" do pastelão clássico. Além do roteiro diferente, surpreende pelos poucos cenários necessários para dar vida à obra. Pedro Wagner no papel do Bode foi a melhor atuação. O filme tem reviravolta e traz um toque de drama no fim.",Positivo,4.5
"Filme O Rei da feira.Divertido e com um enredo bem interessante.Começa parecendo com um filme brasileiro pastelão típico, mas a história ganha forma com um intrigante mistério a ser resolvido.Bacana perceber o cinema nacional alterando o seu perfil para melhor.",Positivo,3.5
"Eu entendo os 2 lados.  Também fui ver o filme pra dar muita risada, e isso não aconteceu. No entanto, me surpreendi com a história,  o enredo,  o desenrolar da trama, a atuação e, no fim, uma coisa compensou a outra. Foi bacana! Prá mim e minha filha, que me acompanhou, valeu a pena",Positivo,4.0
Tem  todos os clichês do gênero . Mas é muito divertido e prende a atenção até o final . Hassum é muito bom .!!!,Positivo,4.0
"Paul Thomas Anderson é um daqueles realizadores autorais do cinema recente americano que aparenta ser praticamente incapaz de fazer um filme ruim, assim como seus contemporâneos Wes Anderson, Quentin Tarantino, e Spike Jonze. Mesmo em seu trabalho mais pessoal, insípido, e contemplativo, o diretor/roteirista norte-americano não deixa de transparecer seu talento vivaz e intoxicante. Trama Fantasma é a legitima marca de um grande artista na ...Leia Mais",Positivo,4.0
"O filme não é extraordinário, mas Daniel faz o filme ser superior com seu talento e arte. Ele é um costureiro famoso e super metódico até que encontra por acaso Alma e a relação será tortuosa e impactará sua sanidade e trabalho. Fotografia e vestuário exuberantes. Não perca.",Positivo,4.5
"TRAMA FANTASMA (Phantom Thread

TRAMA FANTASMA é dirigido por Paul Thomas Anderson e estrelado por Daniel Day-Lewis, Lesley Manville e Vicky Krieps. O longa integra a lista dos indicados ao Oscar em 6 categorias (Melhor Filme, Diretor, Ator (Daniel Day-Lewis), Atriz Coadjuvante (Lesley Manville), Figurino e Trilha Sonora), além de obter algumas indicações no Globo de Ouro e no BAFTA.

Duas combinações que jamais poderia dar errado: Paul ...Leia Mais",Positivo,3.5
"""Trama Fantasma"" é o último filme escrito e dirigido por um dos profissionais mais celebrados da indústria cinematográfica atual, Paul Thomas Anderson; e também marca a segunda colaboração dele com o ator Daniel Day-Lewis - a primeira foi ""Sangue Negro"", pela qual Lewis ganhou o Oscar 2007 de Melhor Ator.

No filme, que se passa na década de 50, acompanhamos a figura de Reynolds Woodcock (Day-Lewis), um renomado estilista, responsável ...Leia Mais",Positivo,3.5
"Collete e Bellucci em grande forma nesta comédia com roteiro esperto, ágil e com diálogos deliciosos. Americana com marido infame e chefe machista é chamada para o velório do avô mafioso que deixa seu legado para ela. Não perca!",Positivo,4.0
"Excelente roteiro! Inovador, diferente, leve e divertido. Temos empoderamento e sororidade de uma forma natural e verdadeira. Amei a concepção da história e como ela é usada para auto ajuda. É sobre se reinventar, mesmo em situações complicadas.",Positivo,4.5
"Este filme é mais um sobre empoderamento feminino, mas este aqui executou bem. A protagonista não vence as lutas por ser uma mulher empoderada, vence porque ela sabe lutar e vai se habituando à mafia com o passar do filme. Então, ao meu ver, a protagonista se desenvolveu muito bem e foi ficando esperta e menos ingênua com o passar da trama.
A vibe italiana de mafia, vinícolas, vinhos, valores da família e catolicismo ficou muito bem ...Leia Mais",Positivo,5.0
"Achei muito bom, é engraçado e descontraído, e história e bem interessante e os personagens são engraçados",Positivo,4.0
"Incêndios (2010), dirigido por Denis Villeneuve, é um drama canadense poderoso que explora as cicatrizes da guerra e do sectarismo. A história começa com a morte de Nawal Marwan (Lubna Azabal), que deixa instruções incomuns para seus filhos gêmeos, Jeanne (Mélissa Désormeaux-Poulin) e Simon (Maxim Gaudette), levando-os a uma jornada para desvendar um passado devastador.

Alternando entre presente e flashbacks, o filme revela o doloroso ...Leia Mais",Positivo,5.0
"Filme ""soco no estômago"". Por que a vida de alguns tem que ser mais difícil que a de outros?",Positivo,5.0
"Decifra-me ou te devoro, o desafio da esfinge de Tebas, não poderia ser mais evidente numa história como foi neste filme. A verdade tem um só caminho, caso contrário, seremos devorados.Esse filme é tão real que parece um documentário. Imperdível.",Positivo,5.0
É um dos melhores filmes que já vi em 52 anos de vida. É uma porrada no estômago. Um roteiro impecável. Uma história ímpar.,Positivo,5.0
"O cinema brasileiro abriu 2025 com um impacto raro de se ver: “O Último Azul”, novo longa de Gabriel Mascaro, chega carregado de expectativa após conquistar o Urso de Prata no Festival de Berlim e se tornar um dos nomes mais comentados da temporada. O prêmio, somado ao sucesso recente de Ainda Estou Aqui no Oscar, colocou novamente os holofotes internacionais sobre o Brasil, gerando entusiasmo em torno da possibilidade de vermos o país ...Leia Mais",Positivo,3.5
"Muito bom ver o cinema brasileiro tão pungente, forte, cheio de si. Em fotografia, elenco, roteiro e direção.  Que montagem! E que final! Bethania dourando o Azul. O último azul!! Bravo!!!",Positivo,5.0
"Melhor filme assisitido no ano. O diretor é simplesmente mágico ao conseguir deixar o rude e o simples, ilusionalmente bonito, poético e riquíssimo. A personagem principal - a atriz simplesmente arrasa no papel - cresce exponencialmente juntamente com a história, que se passa dentro de uma fotografia maravilhosamente hipnótica. Cenas de violência se tornam poéticas e cenas de alegria, festa e torcida, rudes... tem que ser especial para ...Leia Mais",Positivo,5.0
"O filme é cheio de metáforas. O sonho da protagonista (não vou dar spoiller) é uma grande metáfora. Ela queria enxergar o mundo sob outra perspectiva, de um ponto físico diferente, mas descobre que existe um mundo desconhecido bem próximo dela. Creio que todos imaginavam um final estadunidense clássico, onde ela conseguiria realizar seu sonho. O filme trata de uma jornada e da transformação que ocorre ao longo do caminho.",Positivo,4.0
Com certeza é um dos melhores filmes da temática lgbt que eu já assisti. Maravilhoso! A abordagem é sensível e muito realista. As performances dos atores são perfeitas. O filme nos dá a esperança de ser feliz numa sociedade ainda muito hipócrita.,Positivo,5.0
"Simplesmente perfeito, sabe aquele filme que você assiste e fala:""Esse eu vou levar pra vida""?Esse filme é exatamente isso, principalmente para quem se identifica um pouco com a história. Vale muito a pena assistir, só vai.",Positivo,5.0
Lindo filme! Trás a pureza e sentimento da criança e pré adolescência quando tem o primeiro amor de forma que não tirou a genuidade deles.,Positivo,5.0
"Este filme foi simplesmente perfeito! Um dos melhores da minha vida, mudou completamente a minha perspectiva de vida E a minha vida. Ele foi perfeito, sem palavras para o descrever.",Positivo,5.0
"Muito divertido! Tem começo, auge e estabilidade no final, em um roteiro moderno e real. A protagonista é perfeita e o elenco ótimo. A trilha sonora é um acerto a parte, com peso extra no conjunto. Ficamos felizes e satisfeitos assistindo tudo que ela precisa expurgar.",Positivo,4.0
"Uma boa comédia,  diversão garantida, pré estreia no Cine Roxy Santos, com a participação da Bia atriz principal com excelente atuação.",Positivo,5.0
"O filme frito de maneira descontraída não é isento de um enredo provocador, por estimular reflexões sobre comportamentos tóxicos comuns no dia a dia das pessoas.Libertador.",Positivo,3.5
"Muito tempo não assistia um filme nacional leve, que mostra muito a realidade das mulheres com toque de humor,adorei o filme.",Positivo,4.0
Ótimo.. Superou as expectativas.. fui meio desconfiado mas grata surpresa.. nível divertidamente.. adoramos!!,Positivo,5.0
"casa mágica da Gaby o filme, gato galáctico, enaldinho, calebão, painzeiro, Biel Valadares, geleia, de",Positivo,5.0
"Eu amei! Mesmo que seja um filme para crianças, passa uma mensagem muito importante e que é um filme muito bem animado, as músicas são incríveis, não teve exceção de quase nenhum personagem que já tem na série, incrível!",Positivo,5.0
"Absurdamente o pior filme oferecido em uma sala de cinema. Não me lembrava de ver as pessoas se retirando dos assentos e indo embora da sala, acreditem é verdade isso.",Negativo,0.5
"O cinema atual vive uma fase curiosa: nunca se produziu tantas continuações, remakes e reboots, mas raramente esses filmes conseguem justificar sua própria existência. Entre tantas repetições e fórmulas gastas, agosto se revelou um mês surpreendentemente positivo para as sequências. Primeiro tivemos a boa surpresa de Uma Sexta-Feira Mais Louca Ainda e depois o retorno divertido de Corra que a Polícia Vem Aí!. Agora, com Os Caras ...Leia Mais",Positivo,3.5
"Muito melhor que o primeiro sensacional esse filme gostei muito tomara que tenha um terceiro 8,5/10",Positivo,5.0
"Muito bom, vem d euma animação para esquentar seu coração. No mesmo esquema de animações que ficou popular depois de homem aranha no aranhaverso e gato de botas2.",Positivo,4.0
"Muito bom,! Ari Aster é, definitivamente, um dia melhores diretores dessa nova geração. Até agora não errou",Positivo,4.0
"Um filme desconcertante sobre fake news, pós verdade, loucura das mídias sociais e acima de tudo sobre a doença grave da sociedade que é corroida, assim como as relações humanas.",Positivo,4.0
"Eddington é Ari Aster dobrando a aposta em sua fase mais experimental, e o resultado é tão fascinante quanto irregular. Ambientado em plena pandemia, o filme mistura paranoia, crítica social e absurdos culturais em um caldeirão de ideias que nem sempre encontram espaço para respirar.

Joaquin Phoenix carrega o longa nas costas, entregando uma das atuações mais intensas de sua carreira, enquanto um elenco poderoso é deixado de lado para ...Leia Mais",Negativo,3.0
"Elenco bom, roteiro bem ruim, resultado desastroso. Até a metade do filme, Eddington parece promissor, daí surgem 10 plot twists diferentes que acabam com a história. Parece que escolheram todos os finais possíveis para o filme e resolveram executar todos. O final é desajeitado e aleatório.",Negativo,2.0
"A história de origem de Mufasa, explorando sua ascensão de um filhote órfão a rei da savana, destacando os desafios e sacrifícios enfrentados ao longo do caminho.
Barry Jenkins traz profundidade emocional à clássica história da Disney, explorando temas de liderança, responsabilidade e legado. A animação é visualmente impressionante, e a trilha sonora complementa a narrativa de forma eficaz.
O filme oferece uma abordagem emocional e ...Leia Mais",Positivo,4.0
"Crítica de ""Mufasa""

Pontos Fortes:

1. Imagens Lindas:

O filme é visualmente deslumbrante, com animações que capturam a beleza majestosa da savana africana. Cada cena é cuidadosamente criada, fazendo com que a paisagem pareça mágica e real ao mesmo tempo.



2. História Envolvente:

A trama de Mufasa é muito bem contada, oferecendo uma narrativa que faz jus à grandeza do personagem. Mufasa é retratado como um leão generoso, bondoso ...Leia Mais",Positivo,5.0
"Impecável! Se o Simba foi emocionante, a história do pai não seria diferente! Assistam, pois vão se emocionar.",Positivo,5.0
"o filme destaca a bondade, caráter e coragem que faz mufasa ser o grande rei leão, tem uma história envolvente, traz também o ódio de Scar crescendo do irmão e sua cicatriz emblemática, a sabedoria de Rafiki que conduz a trilha por onde mufasa deve seguir, o filme traz a mesma sensação mágica que sentimos quando assistimos o rei leão pela primeira vez na década de 90.",Positivo,3.5
"O filme e muito bem retratado e conseguimos ver bem em como as pessoas negras lutavam com muita dificuldade conquistar um espaço de respeito ou apenas sobrevivência em um prédio imperial, entretanto senti que durante eu assistia ao filme um tipo de guerra de negros contra brancos, como negros pessoas boas e que nunca fariam nada de mal, e acho que isso aconteceu pelo fato que tentaram criar uma boa muito responsável pelo seu conteúdo, ...Leia Mais",Positivo,3.5
"Muito bom o filme com enredo e atuações excelentes. Mesmo sendo longo, nao senti cansaço e acompanhei toda a história que é uma aula.",Positivo,5.0
Um filme muito importante por retratar parte da história do Brasil encoberta pelo apagamento com excelente roteiro e elenco.,Positivo,5.0
"Ótimo filme, apesar da dor que nos causa quando mostra o cotidiano de um povo que foi sequestrado de sua terra natal. Os projetos de reparação precisam existir até o fim dos tempos, pois não há como reparar a monstruosidade que fizeram com os povos pretos. TODO brasileiro precisa assistir e conversar sobre a escravidão e a pós escravidão, chegando aos dias de hoje, mas dentro de um grupo formado por pessoas de gêneros e etnias diversas. ...Leia Mais",Positivo,5.0
"Maravilhoso, sob vários aspectos, em especial o religioso. Comovente!Pintor que também escrevia, cantor e compositor que pintava etc ...",Positivo,5.0
"Apesar do elenco ser maravilhoso, o enredo é fraco e perdido com o tema, parece apenas que tentou embarcar no sucesso do primeiro.",Negativo,2.0
"Filme genérico, enredo simples, comédia boba, sem nenhuma graça. Piadas idiotas e mensagem “militante” totalmente forçada. O personagem mais engraçado é a própria sogra, a portuguesa, e nem por isso chega a ser engraçada de fato. Um ou dois momentos que se pode dar um sorriso, não um riso. Com o valor dos ingressos para assistir no cinema hoje, não vale a pena nem um pouco.",Negativo,0.5
"Um verdadeiro suco de chorume , impossível gostar ou achar graça de "" atores e atrizes"" tão ruins, nível do canal multixoxo!",Negativo,0.5
"Algumas, senão a maioria, das esquestes são curtas e bem divertidas. Os personagens são cativantes e o ritmo ágil dos curtas são bem interessante. Sem contar que é um verdadeiro deleite para Guilhermo Francella e para nós , ver e acompanha-lo transitar por diversos , divertidos e complexos personagens. Embora os curtas façam duras críticas ao país, o filme consegue entreter e, muitas das vezes, nos remete a uma proximidade a situações ...Leia Mais",Positivo,4.5
"Gsotaria de assistir esse filme mas não sei em qual streaming e com legendas em espanhol ou português está disponível.O mesmo acontece com Le derniere Souffle de Costa Gavras.Se alguém pode me enviar o link onde eu possa pegar as legendas, agradeceria muito.Não consegui avaliar por motivos OBVIOS. e como o site exige uma avaliação coloquei o máximo de 5 estrelasAtt.Juan",Positivo,5.0
"Não tem oq reclamar desse filme foi realmente espetacular, certamente se tornou o meu filme favorito, gostei muito dos personagens do roteiro e das músicas, gráficos e efeitos sonoros então foi realmente coisa de outro mundo, antes de vc assistir o filme recomendo assistir 1 e o 2 pra vcs entenderem.Gostei muito...",Positivo,5.0
"Simplesmente incrível, um filme que respeita a sua origem e não tenta se desvincular de onde veio, sem aquela baboseira woke da atualidade, os fãs da saga estão muito bem servidos e se tudo ocorrer bem terão a oportunidade de acompanhar uma sequência. Não há como negar, Tron Ares é o melhor filme do ano em tudo o que se propôs a ser, entregou muito. A atuação, trilha sonora e efeitos gráficos são incríveis mas não são as únicas ...Leia Mais",Positivo,5.0
"Não assisti os outros filmes e fui ao cinema como fã do Jared. Para mim, o filme entregou boas atuações, trilha sonora impecável, efeitos visuais e gráficos muito bem estruturados, inclusive ao que remete aos primórdios da computação. O roteiro, porém, foi clichê, o filme é previsível desde a primeira vez que o personagem Ares aparece, e só por isso tirei uma estrela. No mais, ótimo tempo de entretenimento, sem esperar demais nem ...Leia Mais",Positivo,4.0
"The movie is really, really cool!

It's brilliant!
I don't remember seeing anything on this theme with such a high level of excellence in recent times. PS: And I am still trying to figure out how Ares made it through Flynn's grid.

The script brings history, reality, science fiction, humanity, and new possibilities together in a precise way, both in the film's big moments and in its small details.
It exceeded our (mine and my son's) ...Leia Mais",Positivo,5.0
"-A animação de número 50 da Disney  foi de agradar muito!-Uma boa história,boas canções bons personagens.Sem contar aquele cabelão da Rapunzel...Muito hilário.-Mais cai pra nós,ter Luciano Huck na dublagem é uma negação.-Assista...",Positivo,4.5
"A Disney sabe mesmo como melhorar as coisas. Nunca gostei da Aurora vugo Rapunzel, entretanto amei esse filme porque o príncipe não é um príncipe, as músicas são muito legais e é um filme muito gostoso para se assistir em família. Lógico que se vocês forem assistir dublado a decepção vai ser muita, então sigam meu conselho: vejam com as vozes originais. E só para constar roteiro foge da história original mas acredite assim ficou melhor.",Positivo,4.0
"Um filme para ser assistido tanto quando para os adultos tanto como as crianças. Bem inocente e cativante,com momentos hilários,sem contar que o filme não tem um erro nos gráficos. Recomendo assistir legendado,porque dublado tem a voz chata do Luciano Huck,já em inglês,tem uma voz mais adulta e sexy do Zachary Levi.",Positivo,5.0
"A voz de Luciano Huck causou certa estranheza. mas o filme é maravilhoso. incrivel. melhor animação que vi em toda minha vida. Vi no cinema anos atras em 3D e vi novamente agora e afirmo, filme melhor  será muito dificil!!!",Positivo,5.0
"Como pessoa que nasceu em mora em Caxias do Sul, é uma honra ver a cultura da cidade sendo representada em uma obra que se tornou tão grande assim. 
Posso dizer também que ao contrário de outros filmes nacionais, trabalharam bem o sotaque das pessoas da região da época.
E o filme realmente é bom, é realmente uma história bonita que vale a pena assistir.
Achei o nome do filme sensacional após a revelação do motivo:spoiler:quatrilho...Leia Mais",Positivo,4.5
"Esse filme é uma pedra preciosa do cinema nacional, com ótimo valor histórico e artístico. Não à toa foi indicado ao Oscar. A título de comparação, achei bem melhor que ""Eu ainda estou aqui"".Atuações seguras do elenco feminino, Patrícia Pillar e Glória Pires. A fotografia e a ambientação são boas, e o roteiro é coeso e de fácil ""digestão"". Mostra que existe cinema nacional de alto nível muito antes de Cidade de Deus.",Positivo,4.0
"Um bom filme, mas com final previsível. Excelente ambientação com paisagens lindas e figurinos que retratam bem a época. Contexto histórico envolvido, tornando-o mais interessante. Infelizmente, algumas atuações deixam a desejar. Recomendo.",Positivo,4.0
"Excelente adaptação para as telonas do livro de José Clemente Pozenato que, de fato, mereceu a indicação ao Oscar de Melhor Filme Estrangeiro de 1996! Elenco primoroso com grandes estrelas da teledramaturgia tanto nos papéis coadjuvantes (Gianfrancesco Guarnieri, José Lewgoy, Cláudio Mamberti e Cecil Thiré) quanto nos papeis principais (Patrícia Pillar e Glória Pires). Inclusive, são justamente as personagens protagonistas femininas ...Leia Mais",Positivo,5.0
"Smurfs (2025) é o novo filme animado da franquia, que estava sem lançar um longa-metragem desde 2017. Aqui temos, mais uma vez, um estúdio apostando em um reboot — e, coincidentemente, no mesmo dia da estreia deste longa, tivemos outra franquia sendo reiniciada: Eu Sei o Que Vocês Fizeram no Verão Passado.

Para comandar essa revitalização dos Smurfs, foram chamados o diretor Chris Miller, indicado ao Oscar pela animação Gato de Botas ...Leia Mais",Negativo,2.0
"pre estreia ja nos cinemas galera!!!, filminho bem meia boca e bem bobo, vai divertir criancas bem pequeninas mas a gente mais cehgar a ser irritante.",Negativo,2.0
"Fico triste ao escrever esse comentário mas foi ruim o filme e foi inesperado! Crianças pequenas até podem gostar mas qualquer adulto ou jovem que tenha assistido os smurfs originais vai achar esse filme irritante e ofensivo! Não segue a história dos personagens e viajam na maionese nela, fico decepcionada de assistir um filme que poderia dar certo se não tivesse tentando ser Woke!",Negativo,1.5
"Pior filme dos Smurfs que já vi, tinha tudo para a história ser boa, o que estraga são os personagens, a trilha sonora, o roteiro, a dublagem, TUDO! Quiseram reescrever a história dos Smurfs, mas foi péssimo",Negativo,0.5
"Às vezes me sinto extremamente nostálgica em relação aos filmes de terror. Gênero que sempre foi considerado menor pelo cinema e pela literatura ,  apresenta algumas obras que são realmente impressionantes . 
Atualmente o gênero está praticamente extinto , embora muitos filmes sejam classificados como de terror. Existe uma diferença fundamental entre terror e horror. O terror nos conecta com o mistério, com o sobrenatural, com tudo ...Leia Mais",Positivo,5.0
Um clássico do terror. Clima pesado e suspense bárbaros! Comprei o Blu-Ray a pouco tempo e a imagem está EXCELENTE! Parece filme atual!,Positivo,5.0
"Quando uma obra é bem adaptada,fica mesmo pra sempre na histó mas,quando estão em cena,Stanley Kubrick e Stephen King.Não poderia ser diferente.O Iluminado,é sim o grande pioneiro nesse tipo de gê adota vários meios de colocar medo,mesmo que seja com  no início,iremos apenas observar diálogos,que irão parecer bem chato,mas os mesmos que servem pra fazer a lógica de todo o resto da ção na atuação de Jack Nicholson,até a produção ...Leia Mais",Positivo,4.0
"Gostei muito do filme, confesso que esperava um pouco mais, mas mesmo assim gostei. A direção é ótima, a fotografia é belíssima e a atuação do Jack Nicholson é impecável. Destaque também para a atuação do menino. O filme é tenso, principalmente nas cenas em que o menino anda com o tricículo e as cenas em que o sangue sai do elevador. O filme trabalha mais o lado psicológico e talvez por isso não seja tão assustador  como um ...Leia Mais",Positivo,3.5
Uma crítica ao mundo atual muito bem feita e com muita pitada de humor. Sou fã do PTA desde Boogie Nights,Positivo,5.0
"É difícil não se impressionar com Uma Batalha Após a Outra, novo filme de Paul Thomas Anderson. A cada projeto, o diretor norte-americano se reinventa, mas desta vez ele foi além: construiu uma obra de ação grandiosa, com discussões políticas inflamadas, mas que nunca abre mão de entreter. Em 2h40 de duração, Anderson mostra que é possível unir espetáculo e reflexão, sem que um sacrifique o outro.

A premissa parte de um terreno ...Leia Mais",Positivo,4.5
"Eletrizante, fantástico, divertido e com cenas de ação que prende mesmo uma pessoa á cadeiraO Meu Amor DiCaprio nunca decepciona殺❤️❤️",Positivo,5.0
"Por enquanto, melhor filme do ano. Superou Pecadores. Leonardo DiCaprio , além do talento como ator, tem um faro incrível para escolher ótimos roteiros para atuar.",Positivo,5.0
Muito bom amei um sucesso o filme é ótimo para ver em família parabéns ao disney expicional ,Positivo,5.0
Não sei o que é que se passou com o teu pai mas eu vou te dizer uma coisa eu tenho um problema com o,Positivo,5.0
Ótima animação com roteiro esperto e graficamente muito bonito. Para  crianças e adultos. Em Wicked os animais são segregados e aqui a discriminação é entre epécies.,Positivo,4.0
"Zootopia 2 surpreende ao entregar uma continuação que supera com folga o original. O visual é absurdamente detalhado, realista sem perder charme, e a animação atinge um nível técnico que a própria Disney raramente alcança. A expansão do mundo: novos biomas, novas espécies e uma evolução natural do tema do preconceito, mostra que a sequência existe por motivo real, não só por lucro.

A trama escorrega ocasionalmente para o ...Leia Mais",Positivo,3.5
"Fazendo vista grossa às limitações técnicas que são ultrajantes ao espectador acostumado ao cinema atual, pode-se dizer que São Paulo S/A é um filme para o futuro. Como se fosse um retrato da criação do sistema abusivo e imoral que aflige o trabalhador até hoje, o filme fala sobre burn out, corrupção, existencialismo... assuntos que permanecem como problemas para a sociedade.
Comparar o cenário atual com o de 50 anos atrás é tão ...Leia Mais",Positivo,4.0
Walmor Chaga e  Eva Wilma estrelam esse filme cultuado até hoje e considerado um dos melhores filmes nacionais de todos os tempos. Filme que posição politica forte e se vê fortemente a mão do diretor nisso. Vale a pena conferir.,Positivo,4.0
"Carlos (Chagas) leva uma vida afetiva conturbada, dividindo-se entre a tresloucada Ana (Glória), a emancipada Hilda (Esmeralda) e tentando conquistar o coração da moça de família Luciana (Wilma). Consegue empregar-se na Volkswagen, e ganha dinheiro por fora, ao fazer contatos com a empresa de auto-peças de um conhecido, Arthur (Zeloni). mais em:https://magiadoreal.blogspot.com/2024/02/filme-do-dia-sao-paulo-sa-1965-luiz.html",Positivo,3.5
"Person tece um retrato visceral da metrópole em ascensão, tecendo uma crítica social profunda.

A jornada de Carlos, um homem comum engolido pela engrenagem urbana, reflete a alienação do indivíduo em meio ao ritmo frenético da cidade grande.

A crítica do filme reside na forma como expõe a desumanização do trabalho, a futilidade do consumismo e a vacuidade da vida social.

As sequências longas e contemplativas, a fotografia em preto ...Leia Mais",Positivo,5.0
"Filme além do esperado sobre grávida que teve um primeiro filho natimorto e foi internada com psicose. Agora novas visões a assobram, mas o final é fruto de um roteiro bem elaborado e cuidadoso. A força da mãe.",Positivo,4.0
"O filme me surpreendeu. Apesar dos velhos clichês do Terror, o roteiro bem elaborado e atuação segura dos atores, garante uma boa exibição. O final foge do desfecho comum e foi ok. Assistam sem receio.",Positivo,3.5
"O Nascimento do Mal é um filme de suspense com uma história inteligente e boa carga dramática. É um terror psicológico, onde o sobrenatural atua como metáfora para os medos de uma mãe traumatizada. 
A história é bem conduzida, com uma conclusão coerente e emocionante. É despretensioso e equilibra bem tensão e sentimento. Explora os desafios da maternidade e depressão, girando em torno das fragilidades da gestação.
Melissa Barrera ...Leia Mais",Positivo,4.0
Oi Gustavo ivo Figueiredo cinema Gustavo ivo Figueiredo amanhã sala 02 Gustavo ivo FigueiredoObrigado,Positivo,5.0
"Achei um filmão!!!! Apesar de na minha opinião ele ter uma boa parte da narrativa um pouco lenta, isso não compromete a história que é bem executada. As atuações foram bacanas, pois o filme consegue extrair bem o clima de suspense. Os efeitos especiais eu também gostei e achei muito bem feito, principalmente se for levar em consideração o ano de lançamento.",Positivo,4.0
"Perfeito, esplendido, excelente. Não tenho palavras para descrever o quanto acho esse filme perfeito em todos os sentidos, ótimo enredo, cenário, história, tudo muito bom. Kurt Russell é impecável em seu papel e o resto do elenco também é ótimo.",Positivo,5.0
"Pra mim esse foi uns dos melhores filmes de terror que entra na minha ,ambientação escura e sombria,um grupo de ciêntistas tentando sobreviver em lugar mais frio do mundo e poucas chance de sobrevivênçndo!!!",Positivo,5.0
"A primeira coisa é se lembrar que o filme foi lançado em 1982. Então é óbvio que alguns efeitos especiais não funcionarão, embora a maioria ainda é muito bem feito. Bom enredo, boas surpresas... recomendado!",Positivo,4.0
"O filme é um lixo, não tem história nem enredo. Extremamente apelativo, com cenas de sexo totalmente desnecessárias. Perdi tempo assistindo essa porcaria",Negativo,1.0
"Filme trás uma comédia ácida eu gostei, mais fiquei um pouco triste oque fizeram com o personagem da Aubrey Plaza.",Positivo,4.5
Filme bem divertido sobre pastor envolvido em vários crimes e detetive que se envolve com pessoas complicadas. Rápido e funciona.,Negativo,3.0
"O filme promete mas não cumpre. Uma história repleta de subgeneros (suspense, ação, sexo, drama..) que não consegue entreter. Personagens beirando ao caricato e um final previsível. Vale como um leve e esquecível passatempo..",Negativo,2.0
Emma Stone sempre valoriza os filmea. Tentativa anárquica de confrontação com uma CEO de sucesso. Diverte e só.,Negativo,3.0
"Bugonia é Yorgos Lanthimos em sua versão mais ácida e, ao mesmo tempo, mais contida. A adaptação de Save the Green Planet! abraça o absurdo e o humor satírico, mas aposta em um roteiro surpreendentemente didático, deixando menos espaço para o subtexto que costuma marcar o diretor.

Mesmo assim, a tensão funciona, o comentário social é atual e o duelo entre os personagens sustenta o filme do início ao fim. Emma Stone está ótima, ...Leia Mais",Positivo,3.5
Ainda não sinto que Lanthimos voltou às origens. Porém há cenas divertidas e a crítica é muito interessante.,Positivo,3.5
Magnifico. Produção minuciosa e gloriosa. Erivo e Grande esbanjam carisma e charme representando os estereótipos da ambição e poder versus ser. Filme inclusivo para as diferentes minorias. Belíssimo. Não é continuação mas a segunda parte da estória. Não Perca!,Positivo,5.0
"Depois do impacto causado por Wicked no ano passado, era natural que a continuação chegasse cercada de expectativas. Jon M. Chu retorna ao comando e, já nos primeiros minutos, fica evidente que a ambição visual e sonora permanece intacta. Cynthia Erivo e Ariana Grande retomam seus papéis com a mesma intensidade, carregando o filme nas costas sempre que a narrativa parece se apressar. E é justamente aí que mora o principal dilema desta ...Leia Mais",Positivo,3.5
"Sinopse:
Demonizada como a Bruxa Má do Oeste, Elphaba vive no exílio, enquanto Glinda reside na Cidade Esmeralda. Quando uma multidão furiosa se levanta contra a Bruxa Má, ela precisa se unir com Glinda para transformar a si mesma e todo o Oz, para o bem.

Crítica:
""Wicked: For Good"" é uma continuação que, apesar de alguns tropeços, consegue capturar a essência da história original e oferecer uma conclusão digna para a jornada das ...Leia Mais",Positivo,4.0
"o filme é encantador, os cenários e os figurinos são impecaveis, a magia do filme  não é apenas visual, mas um elemento central que reflete o poder, a manipulação política e as consequências das escolhas de Elphaba e Glinda, o filme mostra que uma sociedade alienada prefere a fantasia e as respostas fáceis do que acreditar na verdade, a verdadeira amizade exige sacrifício mútuo e a capacidade de se colocar no lugar do outro mesmo ...Leia Mais",Positivo,4.0
"Excelente cinebiografia de Mauricio de Souza o Walt Disney brasileiro. Filme de ótima qualidade, história emocionante. Gostei muito. Trilha sonora impecável. Um dos melhores filmes do ano.  Uma lição de vida.",Positivo,5.0
"O Pai uma Lenda Viva da nossa Grande Dramaturgia da nossa HQ brasileira, Mauricio de Souza, supera até os grandes escritores da Maior de Todas as Plataformas das HQ que é a DISNEY, tão maior que as grandes MARVEL & DC dos nossos Super Heróis de todos os tempos dos nossos famosos GIBIS, e ele como MONICA como exemplos de outros e outras personagens, me fez quando criança ler as suas histórias famosas até hoje, e eu hoje sendo um idoso ...Leia Mais",Positivo,4.0
"Filme simples, mas muito aconchegante! Deixa o coração de qualquer fã quentinho...mas, deixou um sentimento de como se estivesse faltando mais detalhes, mais fatos para ser uma biografia ""cheia"", porém, ainda sim, gostei muito!Maurício é eterno.",Positivo,5.0
Filme com direção e montagem impecáveis. A trilha sonora e a narrativa emocionam e surpreendem com fatos reais que revelam ao público a origem das personagens de quadrinhos.,Positivo,5.0
"Se Não Fosse Você chega como mais uma adaptação da escritora Colleen Hoover, autora que se tornou um fenômeno entre os romances contemporâneos. Depois do sucesso — e das polêmicas — de É Assim Que Acaba, a expectativa em torno desse novo filme era alta. Dirigido por Josh Boone, e com um elenco que reúne Allison Williams, Mckenna Grace, Dave Franco e Mason Thames, o longa adapta o livro “Regretting You” e tenta equilibrar drama, ...Leia Mais",Positivo,3.5
"Um dos poucos filmes que foi fiel ao livro. Simplesmente maravilhoso,  todos os pontos mais importantes foram abordados, foi como estar lendo o livro novamente.",Positivo,5.0
O filme está bem legal está bem melodramático e o elenco está incrível Mason e McKenna estão com uma química enorme,Positivo,5.0
"fui assitir esse filme com minha mãe, e ele passa um mensagem linda para os 2 lados da moeda❤️❤️❤️❤️",Positivo,3.5
"Palavrões, sexo forte e cenas nojentas que chegam a dar nojo. Típico dos filmes brasileiros, e ""Malu de Bicicleta"" não foge a regra, mostrando que o cinema nacional segue com uma qualidade muito baixa. Mas o longa possui seus pontos positivos. O maior deles, sem dúvida, é a angústia do protagonista em saber se sua mulher está ou não o traindo. As cenas em que Luiz Mário desconfia de sua mulher são as mais atraentes do filme, justamente ...Leia Mais",Negativo,1.5
"Não considerei uma perca de tempo assisti-lo. Porém, tem muitas cenas apelativas, muita cena de sexo e nudez desnecessárias. O ponto positivo é a história do filme em si. Apesar de ser um roteiro simples, trata de algo bem comum na vida das pessoas, q é o ciúme do cônjuge q chega a ser paranoico. É o caso do personagem de Marcelo Cerrado, q por ser um galinha ""profissional"" acha q qualquer coisinha q a mulher faz dá algum sinal de q ele ...Leia Mais",Positivo,3.5
"Malu de Bicicleta é um bom filme, divertido, irreverente e ousado. Explora um lado da comédia pouco visto no cinema nacional, onde o enfoque é somente em trocadilhos, histórias semelhantes e sempre com os mesmo atores. Assim, Malu de Bicicleta é um bom filme, um filme que entretêm de maneira original e com ótimas atuações de Marcelo Serrado e Fernanda de Freitas, com cenas de sexo, mas sem serem ilícitas e desnecessárias... Enfim recomendo! ;)",Positivo,3.5
"História cheia de intrigas, tem que prestar atenção para não perder nenhum detalhe... Boas atuações!!!",Positivo,3.5
"assisti no universal channel, excelente drama/suspense, já o havia assistido em dvd e também na tv aberta em outra oportunidade, história bem produzida e dirigida, atuações muito convincentes, cenas de suspense bem legais, dublagem nota dez.",Positivo,5.0
"Muito bom! Realmente é uma boa mistura de drama com suspense em que vemos dois personagens que não se conheciam travando uma guerra levada às últimas consequências quando no mesmo dia os dois perdem compromissos que mudariam suas vidas completamente após um acidente de carro envolvendo os protagonistas. Realmente as duas histórias a princípio desconexas, se encaixam perfeitamente ainda no começo do filme e acabam convergindo após ...Leia Mais",Positivo,4.0
"Filme cheio de intrigas, com muitas maldades e interpretações convincentes de Ben Affleck e Samuel L. Jackson. Trás reflexões para o nosso dia a dia, e te prende pela boa história que tem. Recomendo.",Positivo,4.0
"Musical anárquico, divertidíssimo!Após 37 anos do lançamento continua inteligente e atual.A interpretação do Tim Curry é um show a parte",Positivo,5.0
"Com um visual meio Cabaré, The Rocky Horror Picture Show se mostra uma agradável surpresa. Musicais tendem a ter músicas que ""grudam"", porém este específico chega a dar um desejo descontrolável que chegue o momento da próxima canção só para se certificar que o ritmo vai se manter do início ao fim.
           A primeira metade do filme é a melhor, mas seu ápice ocorre com a aparição do Dr. Frank-N-Further (com uma ótima atuação ...Leia Mais",Positivo,4.0
"Com toda certeza um clássico no mundo dos musicais, o filme pra mim em particular não pode fazer muito sentido mas as músicas e a ousadia o filme faz valer a pena.",Positivo,4.0
Tim Curry e Susan Sarandon brilham nesse clássico dos anos 70 que dividiu opiniões na época e até hoje. Um filme forte e repleto de qualidade. Grande filme.,Positivo,4.5
"Um excelente filme, do estilo que eu gosto, com um enredo bem amarrado e sem deixar nenhuma ponta solta. Até agora, pra mim, é o melhor filme do ano. O melhor filme também neste estilo, chamado em inglês de ""CAPER THRILLER FILM"", mas que não teria tradução adequada no português; talvez um ""SUSPENSE CRIMINAL SEM MORTES"" cairia bem. Bom, sem comentar muito, pra não prejudicar ninguem e acabar escapando algum ""spoiler"", vale dar umas dicas, ...Leia Mais",Positivo,5.0
"O filme é uma obra-prima com uma história bem inteligente, envolvente e que não conseguimos decifrar em nenhum momento o final,spoiler:principalmente pela grande reviravolta no final. O filme mistura um pouco de aventura, ação e drama. O elenco é excelente e todos têm ótimas atuações. Recomendo.",Positivo,5.0
"É um ótimo filme, vale o ingresso, cheio de ação, suspense, comedia, efeitos especiais na medida certa e um dialogo bem elaborado e dirigindo,e também com muitos clichês o que não tira o brilhantismo do filme.eu recomendo.",Positivo,5.0
"Um ótimo filme. Além de um grande roteiro, atores qualificados, grandes efeitos especiais e truques. Vale a pena assistir!",Positivo,5.0
"A Meia-Irmã Feia chegou aos holofotes após sua estreia no Festival de Sundance, e rapidamente se consolidou como um dos grandes destaques do evento — e, para muitos, um dos melhores filmes de terror do ano. A diretora e roteirista Emilie Blichfeldt revisita o clássico conto da Cinderela, mas troca a magia do castelo pela carne exposta da imperfeição. Seu olhar não se volta para a princesa, mas para quem sempre ficou à sombra dela: a ...Leia Mais",Positivo,3.5
Muito bom! O filme aborda a história de uma forma bem interessante. e os figurinos são muito bonitos...,Positivo,4.0
"O melhor filme de terror de 2025 (até agora). Suspense no talo, tosco, nojento pra caralho, perturbador, e muito divertido! Que surpresa!",Positivo,5.0
"Irei assistir ao filme em outubro, nos cinemas brasileiros. Estudo Psicologia e estou muito ansioso para assistir, pois ele aborda um pouco sobre esse tema. Assim que eu assistir, volto para editar a minha avaliação.",Positivo,5.0
"De Menor/Underage (2014) é o primeiro longa-metragem dirigido por Caru Alves de Souza. O roteiro funciona de forma quase didática, pelo ponto de vista de Helena (Rita Batata), uma advogada que trabalha na defesa de menores de idade delinquentes. Ao mesmo tempo é apresentada, de uma forma intimista, a relação dela com seu irmão Caio (Giovanni Gallo), que está sobre sua guarda desde que os pais deles faleceram e que acaba cometendo um ...Leia Mais",Positivo,4.5
"Excepcional esse filme da Caru Alves de Souza. A atmosfera impressa pela cineasta é muito, mas muito crível. E o filme é real na mesma proporção. Eu gostei muito do roteiro também, que foge de todos os didatismos possíveis, como quando nos apresenta a história dos irmãos, e o que que aconteceu com eles pra eles ficarem sozinhos no mundo. A atuação de Rita Batata é maravilhosa e me surpreendeu muito. Ela segura o filme o tempo todo. A ...Leia Mais",Positivo,4.5
"O filme pode até ser inteligente. Porém ele vai se resumir a isso. A narrativa é extremamente lenta e não empolga muito. É um filme brasileiro como a maioria, um pouco fraco. A ideia é relevante, porém o filme não te prende, não conquista, não seduz, não te faz chorar! O filme termina como começou, sem muita emoção ou pretensão. A filmagem é simplista demais, se a ideia era essa não me cativou ou tudo pode ter esbarrado no baixo ...Leia Mais",Negativo,2.0
"Sinceramente apesar de ser um filme infantil, a ideia não é tão infantil assim. Pode até ser que tenha um atrativo para as crianças em função de vários momentos musicais e até mesmo pelo belo visual que abusa em alguns momentos das cores. Mas a história é bem atual, passando por desprezo, falta de empatia, bulling. Adorei.",Positivo,4.0
Lindo lindo... pena que o desfecho vem de maneira rápida e simplificada demais .... mas mesmo assim é uma animação com selo Disney de beleza e emoção. Entre as melhores da marca.,Positivo,4.5
"O último filme da Disney, ENCANTO, me lembrou o livro ""Cem anos de solidão"", do premiado escritor colombiano Gabriel Garcia Márquez. O romance de Márquez é considerado realismo mágico, e conta a história de várias gerações de uma família que reside em uma casa descrita lindamente, localizada em um vilarejo fictício, Macondo. As borboletas amarelas fazem parte da magia do romance de Gabriel Garcia Márquez, e aparecem em profusão no ...Leia Mais",Positivo,4.0
"A animação é muito fofa e muito linda, porém, esperava MUITO mais. o fator principal de que não gostei foi que tiveram muitos conflitos e pouco desenvolvimento (uma história rasa, sabe?) algo bem ""água com açúcar"" :)",Positivo,3.5
"Como o Irã produz filmes de excelência. Nesta trama uma atriz famosa fica emocionalmente abalada pelo vídeo caseiro que mostra o suposto suicídio de uma moça que queria ser atriz e não conseguiu apoio familiar e nem foi atendida por esta atriz em inúmeras ligações. O filme narra a investigação da atriz e de um diretor na busca da verdade, com clima intimista e profundo. Um poema a arte do cinema.",Positivo,4.5
"Excelente! Uma aula sobre histerias (Freud), através do olhar extremamente sensível do aclamado e perseguido político Jafar Panahi. O diretor e protagonista viaja com uma amiga atriz em busca de uma jovem admiradora desta, q teria tentado suicídio. Intenso e divertido, leve e verdadeiro, tudo ao mesmo tempo. Aula de cinema.",Positivo,5.0
"O Agente Secreto consegue traduzir a alma brasileira na tela, um feito e tanto. O roteiro combina, de maneira orgânica, questões entranhadas na nossa sociedade. Estão lá a corrupção, a mistura do público e privado, a violência, as desigualdades sociais, mas também a doçura, o afeto, a solidariedade, o sexo livre e a alegria de viver do brasileiro. E a resistência ao totalitarismo. Todos os inúmeros personagens do filme são ricos, ...Leia Mais",Positivo,5.0
例例例例例例例例例例例例例例例例例例例例例例例例例例例例例例例例例例例例例例例例例例例例例例例例例例,Positivo,4.0
"Filme muito bons, ótima crítica ao passado e ao presente. Ritmo do filme é muito bom e não sentimos as horas passando",Positivo,4.5
"O filme é excelente. KMF prova cada mais para o que veio. O elenco inteiro é ótimo e Wagner Moura nem se fala, ele realmente merece o Oscar.",Positivo,5.0
"Apostaram em um famoso elenco para alavancar o roteiro que como um outro similiar, se tratava apenas de um fato isolado da vida desse ícone. Ficou fraco, falta emocionar, tudo parece fake e forçado.",Negativo,2.0
"Um filme bem estruturado, te prende do início ao final, com boa atuação e audiovisual, porém, a narrativa é difícil com bastante termo técnico no nicho, isso dificulta um pouco a imersão no enredo.",Positivo,3.5
Super top. Digno de um filme real de Cinema ✨✨✨A aventura começa quando tens q lutar para sobreviver ❤️❤️,Positivo,5.0
"Desde que grandes estúdios passaram a buscar maneiras de resgatar o brilho de franquias antigas, poucas tiveram um retorno tão convincente quanto Predador. Depois de anos marcados por filmes irregulares, Dan Trachtenberg reacendeu o interesse do público com Prey, lançado em plena pandemia, quando muitos acreditavam que a franquia já não tinha mais nada a oferecer. Ali, ele demonstrou domínio sobre o universo e abriu portas para novas ...Leia Mais",Positivo,3.5
"Predador: terras selvagens é o 6ª filme da saga e acontece 3 anos após o último. A direção permanece com Dan Trachtenberg e roteiro permanece com Patrick Aison. Na trama, acompanhamos um predador chamado Dek, que é expulso do clã pelo seu pai. Em busca de maior reconhecimento, Dek busca uma jornada em um planeta para enfrentar um adversário supremo. Aos poucos percebe que terá que se aliar com Thia (Elle Fanning) para obter sucesso na ...Leia Mais",Positivo,3.5
"Esse filme é tão bem feito, pegaram a coisa que as pessoas tem mais medo no mundo, Jesus, Deus, o medo de pecar, esse filme cumpre com a proposta do terror do desconhecido, e quem diz que não gosta é só por medo, o medo de estar pecando, de estar desrespeitando o seu Deus, o filme é magnífico e eu não tenho palavras para descrever o medo que eu senti, isso é arte.",Positivo,5.0
Filme blasfemo não é preciso assistir  da para ver na sinopse que meche com a história de Jesus. Invertendo o comportamento de Jesus como sendo mal.  Péssimo Filme.,Negativo,0.5
"Sombras no Deserto é aquele tipo de filme que já nasce dividido. Sua própria proposta, revisitar a infância de Jesus Cristo por meio de uma lente sombria e de terror, é suficiente para despertar curiosidade em alguns e resistência em outros. Dirigido e roteirizado por Lotfy Nathan, o longa se apoia no Evangelho da Infância de Tomé, um texto apócrifo do século II que apresenta episódios pouco conhecidos sobre os primeiros anos de vida ...Leia Mais",Negativo,2.5
"""Sombras no Deserto"" falha em criar tensão, arrasta-se numa história pouco envolvente e com personagens mal desenvolvidos. A realização é fraca e os diálogos soam artificiais. Busca legitimidade em cima da história de personagens bíblicos,  mas que sua própria narrativa auto-sabota. Perda de tempo. assistir essa ""obra"".",Negativo,0.5
"Filme magnifico em cada detalhe. Tudo gravita em torno da força e carisma da nossa Diva. Roteiro, personagens e cenas de alto impacto. Fura a bolha da polarização, pela sua humanidade, serenidade e indignação. Uma história real que merece ser contada. Não curto o cinema nacional, mas torço para que seja indicado ao Oscar. Claro, que para vencer depende da vontade e disposição da Diva para divulgação. Não perca, de jeito nenhum!",Positivo,5.0
Que filme forte! A expressividade de Fernanda é comovente e tem tanto a dizer que diálogos não poderiam transmitir. Um enredo real e triste dos nossos dias. Impactante atuação.,Positivo,4.5
"Me sinto honrada em poder assistir no cinema Fernanda Montenegro, com seus 95 anos dando um show de atuação, como sempre. Adorei o filme e tomei Nina como inspiração, obrigada Andrucha 凉",Positivo,5.0
Entregar nas atuações já virou de lei quando se trata de Fernanda Montenegro. Que filme! Que história!,Positivo,5.0
"Simplesmente perfeito, Bruce
. Springsteen escolheu pessoalmente o ator que representa ele no filme Jeremy Allen White, Bruce garantiu que seria feita fielmente a história verdadeira sobre  sua vida, dirigida por Steven Spilberg, garante o sucesso com participação da Disney+ que depois fará a reprodução para TV, 
Se prepare para grandes emoções para os fãs que respeitam e admiram sua carreira, Bruce é um artista completo, contagiante e ...Leia Mais",Positivo,4.5
"Springsteen: Salve-me do Desconhecido chega como uma cinebiografia que tenta escapar da velha fórmula hollywoodiana dos grandes espetáculos e dos clichês de superação. E, ao menos na intenção, Cooper acerta: o recorte escolhido — a criação do álbum Nebraska (1982), de Bruce Springsteen — é uma das fases mais íntimas e desafiadoras da carreira do músico. O problema é que, ao tentar fugir das convenções do gênero, o diretor ...Leia Mais",Negativo,3.0
"Entre os lançamentos nacionais recentes, poucos filmes conseguem equilibrar com tanta sensibilidade memória afetiva e energia juvenil quanto O Último Episódio, dirigido por Maurilio Martins. A produção mergulha na atmosfera dos anos 90 e nos leva de volta a um tempo em que pequenos gestos da infância e adolescência pareciam carregar o peso de grandes aventuras. A trama acompanha Erik, um garoto de 13 anos que, para impressionar Sheila — ...Leia Mais",Positivo,3.5
"Maravilhoso o filme. Lembrei da minha infância e adolescência, levar bilhete da escola pra mãe assinar, a brincadeira na rua com os vizinhos, o videocassete, o rádio. Adorava gravar as músicas em fita cassete. Parabéns pela produção, roteiro, fotografia, adorei!!!!",Positivo,5.0
"O grande mérito do filme, e o que faz a nostalgia funcionar tão bem, é ser um filme adolescente totalmente brasileiro. Não há ""americanismos"". Não há ""não-lugares"". O filme se passa em um subúrbio de uma cidade mineira e não poderia se passar em nenhum outro lugar. Apesar das referências aos anos 90 ficarem exageradas em certos pontos (a população de Contagem às vezes parece estar em um desfile de moda temático) a atmosfera criada ...Leia Mais",Positivo,4.0
"Filme lindo, trás uma nostalgia muito bonita para quem viveu os anos 90.Super recomendo a assistir.",Positivo,5.0
"Um filme que conta a história da vinda da família real para o Brasil de forma bem humorada, sem deixar que o conteúdo histórico verdadeiro seja deixado de lado.",Positivo,5.0
"O filme é bem divertido, não tão luxuoso,talvez pela falta de verba e o figurino é interessante,principalmente pelo estilo de Carlota Joaquina,que adorava vermelho.",Positivo,3.5
ótimo para trabalhar nas escolas.não temos material didático sobre a história do Brasil.,Positivo,5.0
"Excelente filme! Uma sátira extremamente bem feita sobre a vinda da família real ao brasil. A atuação de Marieta Severo, como sempre, espetacular.",Positivo,5.0
"Ótima diversão sobre drama familiar, fake news, pós verdade, show midiático para o público, enfim, uma salada completa com o ótimo Glen Powell",Positivo,3.5
"O Sobrevivente chega aos cinemas carregando um tipo raro de expectativa: a de um remake que o público realmente queria ver acontecer. A combinação de uma obra de Stephen King, um filme oitentista limitado por sua tecnologia da época e um diretor como Edgar Wright parecia perfeita para trazer frescor a essa história. Some a isso Glen Powell, atualmente um dos atores mais carismáticos de Hollywood, e tudo indicava um projeto pronto para ...Leia Mais",Negativo,3.0
"O filme tem uma crítica social muito boa, cenas empolgantes, um roteiro também razoavelmente bom. Fui assistir sem muita expectativa e me surpreendi, vale a pena!",Positivo,3.5
"Um filme que tinha tudo pra dar certo, mas, nem chega perto da espectativa das pessoas. Um ótimo ator... Que sozinho não consegue puxar a consistência do filme. A palavra que define esse filme para mim... Decepção!!! Prefiro reassistir o sobrevivente de 87 do que assistir esse fiasco de 25.",Negativo,1.5
"Morra, Amor promete muito mais do que consegue entregar. Lynne Ramsay cria um ambiente de desconforto constante, onde maternidade, isolamento e desejo se cruzam de forma sufocante, mas a narrativa rapidamente se perde em ciclos repetitivos, sem foco claro e sem avanço real.

A montagem irregular e a fusão entre alucinação e rotina prejudicam o ritmo, embora a fotografia em 35mm e o design de som construam uma atmosfera impecável. No fim, é ...Leia Mais",Negativo,2.5
"Visual impressionante, mas perde o terror simples e impactante do original.
""Nosferatu"" de 2024 é uma nova versão do clássico de 1922. A história segue o vampiro Nosferatu, que chega a uma cidade para espalhar a morte e o terror, mas a história ganha uma visão mais introspectiva e moderna.  O filme tem uma fotografia interessante, com cores que criam um clima sombrio e misterioso. O monstro é mais humano e melancólico, ao invés de ser ...Leia Mais",Positivo,4.0
Perfeito. respeita o original e acrescenta mais detalhes. Excelentes atores e uma produção impecável. Não perca! Atenção por ser um filme lento e reflexivo.,Positivo,5.0
"Assustador, e iconico, o amor de Nosferatu é uma obsessão doentia, que o leva a cruzar continentes e a causar caos em sua busca por Hellen, a relação dos dois explora os limites do horror e do gótico, o filme tem uma história que te envolve do começo ao fim e nos mergulha em uma atmosfera densa e aterrorizante, com certeza é um das maiores filmes de 2025",Positivo,5.0
"A obra trás inovações perante a original, mas nada que profane. Desde o início a atmosfera é sufocadora e te mantém preso a narrativa e ao ambiente em si.Cada personagem está bem ancorado no enredo, Nosferatu se mostra com muito mais humanidade do que monstruosidade. Literalmente, aquele que dá nome à obra é tão humano quanto aqueles com quem interage.Uma obra de visual gótico, bem ambientada com uma fotografia marcante. #recomendo",Positivo,5.0
